,Nx,val,name,reference
0,1,1531933,Saccharomyces_cerevisiae.R64-1-1.dna.toplevel.fa.gz,True
1,2,1531933,Saccharomyces_cerevisiae.R64-1-1.dna.toplevel.fa.gz,True
2,3,1531933,Saccharomyces_cerevisiae.R64-1-1.dna.toplevel.fa.gz,True
3,4,1531933,Saccharomyces_cerevisiae.R64-1-1.dna.toplevel.fa.gz,True
4,5,1531933,Saccharomyces_cerevisiae.R64-1-1.dna.toplevel.fa.gz,True
5,6,1531933,Saccharomyces_cerevisiae.R64-1-1.dna.toplevel.fa.gz,True
6,7,1531933,Saccharomyces_cerevisiae.R64-1-1.dna.toplevel.fa.gz,True
7,8,1531933,Saccharomyces_cerevisiae.R64-1-1.dna.toplevel.fa.gz,True
8,9,1531933,Saccharomyces_cerevisiae.R64-1-1.dna.toplevel.fa.gz,True
9,10,1531933,Saccharomyces_cerevisiae.R64-1-1.dna.toplevel.fa.gz,True
10,11,1531933,Saccharomyces_cerevisiae.R64-1-1.dna.toplevel.fa.gz,True
11,12,1531933,Saccharomyces_cerevisiae.R64-1-1.dna.toplevel.fa.gz,True
12,13,1091291,Saccharomyces_cerevisiae.R64-1-1.dna.toplevel.fa.gz,True
13,14,1091291,Saccharomyces_cerevisiae.R64-1-1.dna.toplevel.fa.gz,True
14,15,1091291,Saccharomyces_cerevisiae.R64-1-1.dna.toplevel.fa.gz,True
15,16,1091291,Saccharomyces_cerevisiae.R64-1-1.dna.toplevel.fa.gz,True
16,17,1091291,Saccharomyces_cerevisiae.R64-1-1.dna.toplevel.fa.gz,True
17,18,1091291,Saccharomyces_cerevisiae.R64-1-1.dna.toplevel.fa.gz,True
18,19,1091291,Saccharomyces_cerevisiae.R64-1-1.dna.toplevel.fa.gz,True
19,20,1091291,Saccharomyces_cerevisiae.R64-1-1.dna.toplevel.fa.gz,True
20,21,1091291,Saccharomyces_cerevisiae.R64-1-1.dna.toplevel.fa.gz,True
21,22,1090940,Saccharomyces_cerevisiae.R64-1-1.dna.toplevel.fa.gz,True
22,23,1090940,Saccharomyces_cerevisiae.R64-1-1.dna.toplevel.fa.gz,True
23,24,1090940,Saccharomyces_cerevisiae.R64-1-1.dna.toplevel.fa.gz,True
24,25,1090940,Saccharomyces_cerevisiae.R64-1-1.dna.toplevel.fa.gz,True
25,26,1090940,Saccharomyces_cerevisiae.R64-1-1.dna.toplevel.fa.gz,True
26,27,1090940,Saccharomyces_cerevisiae.R64-1-1.dna.toplevel.fa.gz,True
27,28,1090940,Saccharomyces_cerevisiae.R64-1-1.dna.toplevel.fa.gz,True
28,29,1090940,Saccharomyces_cerevisiae.R64-1-1.dna.toplevel.fa.gz,True
29,30,1090940,Saccharomyces_cerevisiae.R64-1-1.dna.toplevel.fa.gz,True
30,31,1078177,Saccharomyces_cerevisiae.R64-1-1.dna.toplevel.fa.gz,True
31,32,1078177,Saccharomyces_cerevisiae.R64-1-1.dna.toplevel.fa.gz,True
32,33,1078177,Saccharomyces_cerevisiae.R64-1-1.dna.toplevel.fa.gz,True
33,34,1078177,Saccharomyces_cerevisiae.R64-1-1.dna.toplevel.fa.gz,True
34,35,1078177,Saccharomyces_cerevisiae.R64-1-1.dna.toplevel.fa.gz,True
35,36,1078177,Saccharomyces_cerevisiae.R64-1-1.dna.toplevel.fa.gz,True
36,37,1078177,Saccharomyces_cerevisiae.R64-1-1.dna.toplevel.fa.gz,True
37,38,1078177,Saccharomyces_cerevisiae.R64-1-1.dna.toplevel.fa.gz,True
38,39,1078177,Saccharomyces_cerevisiae.R64-1-1.dna.toplevel.fa.gz,True
39,40,948066,Saccharomyces_cerevisiae.R64-1-1.dna.toplevel.fa.gz,True
40,41,948066,Saccharomyces_cerevisiae.R64-1-1.dna.toplevel.fa.gz,True
41,42,948066,Saccharomyces_cerevisiae.R64-1-1.dna.toplevel.fa.gz,True
42,43,948066,Saccharomyces_cerevisiae.R64-1-1.dna.toplevel.fa.gz,True
43,44,948066,Saccharomyces_cerevisiae.R64-1-1.dna.toplevel.fa.gz,True
44,45,948066,Saccharomyces_cerevisiae.R64-1-1.dna.toplevel.fa.gz,True
45,46,948066,Saccharomyces_cerevisiae.R64-1-1.dna.toplevel.fa.gz,True
46,47,948066,Saccharomyces_cerevisiae.R64-1-1.dna.toplevel.fa.gz,True
47,48,924431,Saccharomyces_cerevisiae.R64-1-1.dna.toplevel.fa.gz,True
48,49,924431,Saccharomyces_cerevisiae.R64-1-1.dna.toplevel.fa.gz,True
49,50,924431,Saccharomyces_cerevisiae.R64-1-1.dna.toplevel.fa.gz,True
50,51,924431,Saccharomyces_cerevisiae.R64-1-1.dna.toplevel.fa.gz,True
51,52,924431,Saccharomyces_cerevisiae.R64-1-1.dna.toplevel.fa.gz,True
52,53,924431,Saccharomyces_cerevisiae.R64-1-1.dna.toplevel.fa.gz,True
53,54,924431,Saccharomyces_cerevisiae.R64-1-1.dna.toplevel.fa.gz,True
54,55,813184,Saccharomyces_cerevisiae.R64-1-1.dna.toplevel.fa.gz,True
55,56,813184,Saccharomyces_cerevisiae.R64-1-1.dna.toplevel.fa.gz,True
56,57,813184,Saccharomyces_cerevisiae.R64-1-1.dna.toplevel.fa.gz,True
57,58,813184,Saccharomyces_cerevisiae.R64-1-1.dna.toplevel.fa.gz,True
58,59,813184,Saccharomyces_cerevisiae.R64-1-1.dna.toplevel.fa.gz,True
59,60,813184,Saccharomyces_cerevisiae.R64-1-1.dna.toplevel.fa.gz,True
60,61,813184,Saccharomyces_cerevisiae.R64-1-1.dna.toplevel.fa.gz,True
61,62,784333,Saccharomyces_cerevisiae.R64-1-1.dna.toplevel.fa.gz,True
62,63,784333,Saccharomyces_cerevisiae.R64-1-1.dna.toplevel.fa.gz,True
63,64,784333,Saccharomyces_cerevisiae.R64-1-1.dna.toplevel.fa.gz,True
64,65,784333,Saccharomyces_cerevisiae.R64-1-1.dna.toplevel.fa.gz,True
65,66,784333,Saccharomyces_cerevisiae.R64-1-1.dna.toplevel.fa.gz,True
66,67,784333,Saccharomyces_cerevisiae.R64-1-1.dna.toplevel.fa.gz,True
67,68,745751,Saccharomyces_cerevisiae.R64-1-1.dna.toplevel.fa.gz,True
68,69,745751,Saccharomyces_cerevisiae.R64-1-1.dna.toplevel.fa.gz,True
69,70,745751,Saccharomyces_cerevisiae.R64-1-1.dna.toplevel.fa.gz,True
70,71,745751,Saccharomyces_cerevisiae.R64-1-1.dna.toplevel.fa.gz,True
71,72,745751,Saccharomyces_cerevisiae.R64-1-1.dna.toplevel.fa.gz,True
72,73,745751,Saccharomyces_cerevisiae.R64-1-1.dna.toplevel.fa.gz,True
73,74,745751,Saccharomyces_cerevisiae.R64-1-1.dna.toplevel.fa.gz,True
74,75,666816,Saccharomyces_cerevisiae.R64-1-1.dna.toplevel.fa.gz,True
75,76,666816,Saccharomyces_cerevisiae.R64-1-1.dna.toplevel.fa.gz,True
76,77,666816,Saccharomyces_cerevisiae.R64-1-1.dna.toplevel.fa.gz,True
77,78,666816,Saccharomyces_cerevisiae.R64-1-1.dna.toplevel.fa.gz,True
78,79,666816,Saccharomyces_cerevisiae.R64-1-1.dna.toplevel.fa.gz,True
79,80,576874,Saccharomyces_cerevisiae.R64-1-1.dna.toplevel.fa.gz,True
80,81,576874,Saccharomyces_cerevisiae.R64-1-1.dna.toplevel.fa.gz,True
81,82,576874,Saccharomyces_cerevisiae.R64-1-1.dna.toplevel.fa.gz,True
82,83,576874,Saccharomyces_cerevisiae.R64-1-1.dna.toplevel.fa.gz,True
83,84,576874,Saccharomyces_cerevisiae.R64-1-1.dna.toplevel.fa.gz,True
84,85,562643,Saccharomyces_cerevisiae.R64-1-1.dna.toplevel.fa.gz,True
85,86,562643,Saccharomyces_cerevisiae.R64-1-1.dna.toplevel.fa.gz,True
86,87,562643,Saccharomyces_cerevisiae.R64-1-1.dna.toplevel.fa.gz,True
87,88,562643,Saccharomyces_cerevisiae.R64-1-1.dna.toplevel.fa.gz,True
88,89,439888,Saccharomyces_cerevisiae.R64-1-1.dna.toplevel.fa.gz,True
89,90,439888,Saccharomyces_cerevisiae.R64-1-1.dna.toplevel.fa.gz,True
90,91,439888,Saccharomyces_cerevisiae.R64-1-1.dna.toplevel.fa.gz,True
91,92,439888,Saccharomyces_cerevisiae.R64-1-1.dna.toplevel.fa.gz,True
92,93,316620,Saccharomyces_cerevisiae.R64-1-1.dna.toplevel.fa.gz,True
93,94,316620,Saccharomyces_cerevisiae.R64-1-1.dna.toplevel.fa.gz,True
94,95,316620,Saccharomyces_cerevisiae.R64-1-1.dna.toplevel.fa.gz,True
95,96,270161,Saccharomyces_cerevisiae.R64-1-1.dna.toplevel.fa.gz,True
96,97,270161,Saccharomyces_cerevisiae.R64-1-1.dna.toplevel.fa.gz,True
97,98,230218,Saccharomyces_cerevisiae.R64-1-1.dna.toplevel.fa.gz,True
98,99,230218,Saccharomyces_cerevisiae.R64-1-1.dna.toplevel.fa.gz,True
99,100,85779,Saccharomyces_cerevisiae.R64-1-1.dna.toplevel.fa.gz,True
100,1,217632,scerevisiae_05x_flye.ctg.fa,False
101,2,165609,scerevisiae_05x_flye.ctg.fa,False
102,3,165609,scerevisiae_05x_flye.ctg.fa,False
103,4,153671,scerevisiae_05x_flye.ctg.fa,False
104,5,150046,scerevisiae_05x_flye.ctg.fa,False
105,6,143359,scerevisiae_05x_flye.ctg.fa,False
106,7,139628,scerevisiae_05x_flye.ctg.fa,False
107,8,133354,scerevisiae_05x_flye.ctg.fa,False
108,9,133354,scerevisiae_05x_flye.ctg.fa,False
109,10,129089,scerevisiae_05x_flye.ctg.fa,False
110,11,127360,scerevisiae_05x_flye.ctg.fa,False
111,12,123995,scerevisiae_05x_flye.ctg.fa,False
112,13,116616,scerevisiae_05x_flye.ctg.fa,False
113,14,111672,scerevisiae_05x_flye.ctg.fa,False
114,15,101126,scerevisiae_05x_flye.ctg.fa,False
115,16,99284,scerevisiae_05x_flye.ctg.fa,False
116,17,97680,scerevisiae_05x_flye.ctg.fa,False
117,18,96648,scerevisiae_05x_flye.ctg.fa,False
118,19,96390,scerevisiae_05x_flye.ctg.fa,False
119,20,93798,scerevisiae_05x_flye.ctg.fa,False
120,21,92750,scerevisiae_05x_flye.ctg.fa,False
121,22,92613,scerevisiae_05x_flye.ctg.fa,False
122,23,88740,scerevisiae_05x_flye.ctg.fa,False
123,24,88665,scerevisiae_05x_flye.ctg.fa,False
124,25,85123,scerevisiae_05x_flye.ctg.fa,False
125,26,83774,scerevisiae_05x_flye.ctg.fa,False
126,27,82591,scerevisiae_05x_flye.ctg.fa,False
127,28,80829,scerevisiae_05x_flye.ctg.fa,False
128,29,80500,scerevisiae_05x_flye.ctg.fa,False
129,30,78740,scerevisiae_05x_flye.ctg.fa,False
130,31,74292,scerevisiae_05x_flye.ctg.fa,False
131,32,70549,scerevisiae_05x_flye.ctg.fa,False
132,33,69227,scerevisiae_05x_flye.ctg.fa,False
133,34,68079,scerevisiae_05x_flye.ctg.fa,False
134,35,67870,scerevisiae_05x_flye.ctg.fa,False
135,36,66375,scerevisiae_05x_flye.ctg.fa,False
136,37,65365,scerevisiae_05x_flye.ctg.fa,False
137,38,62332,scerevisiae_05x_flye.ctg.fa,False
138,39,57893,scerevisiae_05x_flye.ctg.fa,False
139,40,57127,scerevisiae_05x_flye.ctg.fa,False
140,41,56663,scerevisiae_05x_flye.ctg.fa,False
141,42,55779,scerevisiae_05x_flye.ctg.fa,False
142,43,54100,scerevisiae_05x_flye.ctg.fa,False
143,44,53354,scerevisiae_05x_flye.ctg.fa,False
144,45,51652,scerevisiae_05x_flye.ctg.fa,False
145,46,48681,scerevisiae_05x_flye.ctg.fa,False
146,47,47705,scerevisiae_05x_flye.ctg.fa,False
147,48,46490,scerevisiae_05x_flye.ctg.fa,False
148,49,46219,scerevisiae_05x_flye.ctg.fa,False
149,50,45140,scerevisiae_05x_flye.ctg.fa,False
150,51,43519,scerevisiae_05x_flye.ctg.fa,False
151,52,43093,scerevisiae_05x_flye.ctg.fa,False
152,53,42789,scerevisiae_05x_flye.ctg.fa,False
153,54,40034,scerevisiae_05x_flye.ctg.fa,False
154,55,39487,scerevisiae_05x_flye.ctg.fa,False
155,56,38225,scerevisiae_05x_flye.ctg.fa,False
156,57,38005,scerevisiae_05x_flye.ctg.fa,False
157,58,37556,scerevisiae_05x_flye.ctg.fa,False
158,59,37234,scerevisiae_05x_flye.ctg.fa,False
159,60,35991,scerevisiae_05x_flye.ctg.fa,False
160,61,35453,scerevisiae_05x_flye.ctg.fa,False
161,62,34401,scerevisiae_05x_flye.ctg.fa,False
162,63,31445,scerevisiae_05x_flye.ctg.fa,False
163,64,29844,scerevisiae_05x_flye.ctg.fa,False
164,65,28736,scerevisiae_05x_flye.ctg.fa,False
165,66,27659,scerevisiae_05x_flye.ctg.fa,False
166,67,27185,scerevisiae_05x_flye.ctg.fa,False
167,68,25195,scerevisiae_05x_flye.ctg.fa,False
168,69,23009,scerevisiae_05x_flye.ctg.fa,False
169,70,20385,scerevisiae_05x_flye.ctg.fa,False
170,71,18028,scerevisiae_05x_flye.ctg.fa,False
171,72,16520,scerevisiae_05x_flye.ctg.fa,False
172,73,14098,scerevisiae_05x_flye.ctg.fa,False
173,74,10946,scerevisiae_05x_flye.ctg.fa,False
174,75,8294,scerevisiae_05x_flye.ctg.fa,False
175,76,0,scerevisiae_05x_flye.ctg.fa,False
176,77,0,scerevisiae_05x_flye.ctg.fa,False
177,78,0,scerevisiae_05x_flye.ctg.fa,False
178,79,0,scerevisiae_05x_flye.ctg.fa,False
179,80,0,scerevisiae_05x_flye.ctg.fa,False
180,81,0,scerevisiae_05x_flye.ctg.fa,False
181,82,0,scerevisiae_05x_flye.ctg.fa,False
182,83,0,scerevisiae_05x_flye.ctg.fa,False
183,84,0,scerevisiae_05x_flye.ctg.fa,False
184,85,0,scerevisiae_05x_flye.ctg.fa,False
185,86,0,scerevisiae_05x_flye.ctg.fa,False
186,87,0,scerevisiae_05x_flye.ctg.fa,False
187,88,0,scerevisiae_05x_flye.ctg.fa,False
188,89,0,scerevisiae_05x_flye.ctg.fa,False
189,90,0,scerevisiae_05x_flye.ctg.fa,False
190,91,0,scerevisiae_05x_flye.ctg.fa,False
191,92,0,scerevisiae_05x_flye.ctg.fa,False
192,93,0,scerevisiae_05x_flye.ctg.fa,False
193,94,0,scerevisiae_05x_flye.ctg.fa,False
194,95,0,scerevisiae_05x_flye.ctg.fa,False
195,96,0,scerevisiae_05x_flye.ctg.fa,False
196,97,0,scerevisiae_05x_flye.ctg.fa,False
197,98,0,scerevisiae_05x_flye.ctg.fa,False
198,99,0,scerevisiae_05x_flye.ctg.fa,False
199,100,0,scerevisiae_05x_flye.ctg.fa,False
200,1,217632,scerevisiae_05x_flye.ctg.fa.gz,False
201,2,165609,scerevisiae_05x_flye.ctg.fa.gz,False
202,3,165609,scerevisiae_05x_flye.ctg.fa.gz,False
203,4,153671,scerevisiae_05x_flye.ctg.fa.gz,False
204,5,150046,scerevisiae_05x_flye.ctg.fa.gz,False
205,6,143359,scerevisiae_05x_flye.ctg.fa.gz,False
206,7,139628,scerevisiae_05x_flye.ctg.fa.gz,False
207,8,133354,scerevisiae_05x_flye.ctg.fa.gz,False
208,9,133354,scerevisiae_05x_flye.ctg.fa.gz,False
209,10,129089,scerevisiae_05x_flye.ctg.fa.gz,False
210,11,127360,scerevisiae_05x_flye.ctg.fa.gz,False
211,12,123995,scerevisiae_05x_flye.ctg.fa.gz,False
212,13,116616,scerevisiae_05x_flye.ctg.fa.gz,False
213,14,111672,scerevisiae_05x_flye.ctg.fa.gz,False
214,15,101126,scerevisiae_05x_flye.ctg.fa.gz,False
215,16,99284,scerevisiae_05x_flye.ctg.fa.gz,False
216,17,97680,scerevisiae_05x_flye.ctg.fa.gz,False
217,18,96648,scerevisiae_05x_flye.ctg.fa.gz,False
218,19,96390,scerevisiae_05x_flye.ctg.fa.gz,False
219,20,93798,scerevisiae_05x_flye.ctg.fa.gz,False
220,21,92750,scerevisiae_05x_flye.ctg.fa.gz,False
221,22,92613,scerevisiae_05x_flye.ctg.fa.gz,False
222,23,88740,scerevisiae_05x_flye.ctg.fa.gz,False
223,24,88665,scerevisiae_05x_flye.ctg.fa.gz,False
224,25,85123,scerevisiae_05x_flye.ctg.fa.gz,False
225,26,83774,scerevisiae_05x_flye.ctg.fa.gz,False
226,27,82591,scerevisiae_05x_flye.ctg.fa.gz,False
227,28,80829,scerevisiae_05x_flye.ctg.fa.gz,False
228,29,80500,scerevisiae_05x_flye.ctg.fa.gz,False
229,30,78740,scerevisiae_05x_flye.ctg.fa.gz,False
230,31,74292,scerevisiae_05x_flye.ctg.fa.gz,False
231,32,70549,scerevisiae_05x_flye.ctg.fa.gz,False
232,33,69227,scerevisiae_05x_flye.ctg.fa.gz,False
233,34,68079,scerevisiae_05x_flye.ctg.fa.gz,False
234,35,67870,scerevisiae_05x_flye.ctg.fa.gz,False
235,36,66375,scerevisiae_05x_flye.ctg.fa.gz,False
236,37,65365,scerevisiae_05x_flye.ctg.fa.gz,False
237,38,62332,scerevisiae_05x_flye.ctg.fa.gz,False
238,39,57893,scerevisiae_05x_flye.ctg.fa.gz,False
239,40,57127,scerevisiae_05x_flye.ctg.fa.gz,False
240,41,56663,scerevisiae_05x_flye.ctg.fa.gz,False
241,42,55779,scerevisiae_05x_flye.ctg.fa.gz,False
242,43,54100,scerevisiae_05x_flye.ctg.fa.gz,False
243,44,53354,scerevisiae_05x_flye.ctg.fa.gz,False
244,45,51652,scerevisiae_05x_flye.ctg.fa.gz,False
245,46,48681,scerevisiae_05x_flye.ctg.fa.gz,False
246,47,47705,scerevisiae_05x_flye.ctg.fa.gz,False
247,48,46490,scerevisiae_05x_flye.ctg.fa.gz,False
248,49,46219,scerevisiae_05x_flye.ctg.fa.gz,False
249,50,45140,scerevisiae_05x_flye.ctg.fa.gz,False
250,51,43519,scerevisiae_05x_flye.ctg.fa.gz,False
251,52,43093,scerevisiae_05x_flye.ctg.fa.gz,False
252,53,42789,scerevisiae_05x_flye.ctg.fa.gz,False
253,54,40034,scerevisiae_05x_flye.ctg.fa.gz,False
254,55,39487,scerevisiae_05x_flye.ctg.fa.gz,False
255,56,38225,scerevisiae_05x_flye.ctg.fa.gz,False
256,57,38005,scerevisiae_05x_flye.ctg.fa.gz,False
257,58,37556,scerevisiae_05x_flye.ctg.fa.gz,False
258,59,37234,scerevisiae_05x_flye.ctg.fa.gz,False
259,60,35991,scerevisiae_05x_flye.ctg.fa.gz,False
260,61,35453,scerevisiae_05x_flye.ctg.fa.gz,False
261,62,34401,scerevisiae_05x_flye.ctg.fa.gz,False
262,63,31445,scerevisiae_05x_flye.ctg.fa.gz,False
263,64,29844,scerevisiae_05x_flye.ctg.fa.gz,False
264,65,28736,scerevisiae_05x_flye.ctg.fa.gz,False
265,66,27659,scerevisiae_05x_flye.ctg.fa.gz,False
266,67,27185,scerevisiae_05x_flye.ctg.fa.gz,False
267,68,25195,scerevisiae_05x_flye.ctg.fa.gz,False
268,69,23009,scerevisiae_05x_flye.ctg.fa.gz,False
269,70,20385,scerevisiae_05x_flye.ctg.fa.gz,False
270,71,18028,scerevisiae_05x_flye.ctg.fa.gz,False
271,72,16520,scerevisiae_05x_flye.ctg.fa.gz,False
272,73,14098,scerevisiae_05x_flye.ctg.fa.gz,False
273,74,10946,scerevisiae_05x_flye.ctg.fa.gz,False
274,75,8294,scerevisiae_05x_flye.ctg.fa.gz,False
275,76,0,scerevisiae_05x_flye.ctg.fa.gz,False
276,77,0,scerevisiae_05x_flye.ctg.fa.gz,False
277,78,0,scerevisiae_05x_flye.ctg.fa.gz,False
278,79,0,scerevisiae_05x_flye.ctg.fa.gz,False
279,80,0,scerevisiae_05x_flye.ctg.fa.gz,False
280,81,0,scerevisiae_05x_flye.ctg.fa.gz,False
281,82,0,scerevisiae_05x_flye.ctg.fa.gz,False
282,83,0,scerevisiae_05x_flye.ctg.fa.gz,False
283,84,0,scerevisiae_05x_flye.ctg.fa.gz,False
284,85,0,scerevisiae_05x_flye.ctg.fa.gz,False
285,86,0,scerevisiae_05x_flye.ctg.fa.gz,False
286,87,0,scerevisiae_05x_flye.ctg.fa.gz,False
287,88,0,scerevisiae_05x_flye.ctg.fa.gz,False
288,89,0,scerevisiae_05x_flye.ctg.fa.gz,False
289,90,0,scerevisiae_05x_flye.ctg.fa.gz,False
290,91,0,scerevisiae_05x_flye.ctg.fa.gz,False
291,92,0,scerevisiae_05x_flye.ctg.fa.gz,False
292,93,0,scerevisiae_05x_flye.ctg.fa.gz,False
293,94,0,scerevisiae_05x_flye.ctg.fa.gz,False
294,95,0,scerevisiae_05x_flye.ctg.fa.gz,False
295,96,0,scerevisiae_05x_flye.ctg.fa.gz,False
296,97,0,scerevisiae_05x_flye.ctg.fa.gz,False
297,98,0,scerevisiae_05x_flye.ctg.fa.gz,False
298,99,0,scerevisiae_05x_flye.ctg.fa.gz,False
299,100,0,scerevisiae_05x_flye.ctg.fa.gz,False
300,1,767828,scerevisiae_10x_flye.ctg.fa.gz,False
301,2,767828,scerevisiae_10x_flye.ctg.fa.gz,False
302,3,767828,scerevisiae_10x_flye.ctg.fa.gz,False
303,4,767828,scerevisiae_10x_flye.ctg.fa.gz,False
304,5,767828,scerevisiae_10x_flye.ctg.fa.gz,False
305,6,767828,scerevisiae_10x_flye.ctg.fa.gz,False
306,7,616549,scerevisiae_10x_flye.ctg.fa.gz,False
307,8,616549,scerevisiae_10x_flye.ctg.fa.gz,False
308,9,616549,scerevisiae_10x_flye.ctg.fa.gz,False
309,10,616549,scerevisiae_10x_flye.ctg.fa.gz,False
310,11,616549,scerevisiae_10x_flye.ctg.fa.gz,False
311,12,537262,scerevisiae_10x_flye.ctg.fa.gz,False
312,13,537262,scerevisiae_10x_flye.ctg.fa.gz,False
313,14,537262,scerevisiae_10x_flye.ctg.fa.gz,False
314,15,537262,scerevisiae_10x_flye.ctg.fa.gz,False
315,16,519122,scerevisiae_10x_flye.ctg.fa.gz,False
316,17,519122,scerevisiae_10x_flye.ctg.fa.gz,False
317,18,519122,scerevisiae_10x_flye.ctg.fa.gz,False
318,19,519122,scerevisiae_10x_flye.ctg.fa.gz,False
319,20,519122,scerevisiae_10x_flye.ctg.fa.gz,False
320,21,505394,scerevisiae_10x_flye.ctg.fa.gz,False
321,22,505394,scerevisiae_10x_flye.ctg.fa.gz,False
322,23,505394,scerevisiae_10x_flye.ctg.fa.gz,False
323,24,505394,scerevisiae_10x_flye.ctg.fa.gz,False
324,25,492437,scerevisiae_10x_flye.ctg.fa.gz,False
325,26,492437,scerevisiae_10x_flye.ctg.fa.gz,False
326,27,492437,scerevisiae_10x_flye.ctg.fa.gz,False
327,28,492437,scerevisiae_10x_flye.ctg.fa.gz,False
328,29,487230,scerevisiae_10x_flye.ctg.fa.gz,False
329,30,487230,scerevisiae_10x_flye.ctg.fa.gz,False
330,31,487230,scerevisiae_10x_flye.ctg.fa.gz,False
331,32,487230,scerevisiae_10x_flye.ctg.fa.gz,False
332,33,474186,scerevisiae_10x_flye.ctg.fa.gz,False
333,34,474186,scerevisiae_10x_flye.ctg.fa.gz,False
334,35,474186,scerevisiae_10x_flye.ctg.fa.gz,False
335,36,474186,scerevisiae_10x_flye.ctg.fa.gz,False
336,37,399071,scerevisiae_10x_flye.ctg.fa.gz,False
337,38,399071,scerevisiae_10x_flye.ctg.fa.gz,False
338,39,399071,scerevisiae_10x_flye.ctg.fa.gz,False
339,40,370183,scerevisiae_10x_flye.ctg.fa.gz,False
340,41,370183,scerevisiae_10x_flye.ctg.fa.gz,False
341,42,370183,scerevisiae_10x_flye.ctg.fa.gz,False
342,43,360911,scerevisiae_10x_flye.ctg.fa.gz,False
343,44,360911,scerevisiae_10x_flye.ctg.fa.gz,False
344,45,360911,scerevisiae_10x_flye.ctg.fa.gz,False
345,46,325313,scerevisiae_10x_flye.ctg.fa.gz,False
346,47,325313,scerevisiae_10x_flye.ctg.fa.gz,False
347,48,325313,scerevisiae_10x_flye.ctg.fa.gz,False
348,49,315564,scerevisiae_10x_flye.ctg.fa.gz,False
349,50,315564,scerevisiae_10x_flye.ctg.fa.gz,False
350,51,309019,scerevisiae_10x_flye.ctg.fa.gz,False
351,52,309019,scerevisiae_10x_flye.ctg.fa.gz,False
352,53,309019,scerevisiae_10x_flye.ctg.fa.gz,False
353,54,274398,scerevisiae_10x_flye.ctg.fa.gz,False
354,55,274398,scerevisiae_10x_flye.ctg.fa.gz,False
355,56,273495,scerevisiae_10x_flye.ctg.fa.gz,False
356,57,273495,scerevisiae_10x_flye.ctg.fa.gz,False
357,58,272369,scerevisiae_10x_flye.ctg.fa.gz,False
358,59,272369,scerevisiae_10x_flye.ctg.fa.gz,False
359,60,272369,scerevisiae_10x_flye.ctg.fa.gz,False
360,61,259224,scerevisiae_10x_flye.ctg.fa.gz,False
361,62,259224,scerevisiae_10x_flye.ctg.fa.gz,False
362,63,229269,scerevisiae_10x_flye.ctg.fa.gz,False
363,64,229269,scerevisiae_10x_flye.ctg.fa.gz,False
364,65,225804,scerevisiae_10x_flye.ctg.fa.gz,False
365,66,210426,scerevisiae_10x_flye.ctg.fa.gz,False
366,67,210426,scerevisiae_10x_flye.ctg.fa.gz,False
367,68,204528,scerevisiae_10x_flye.ctg.fa.gz,False
368,69,204528,scerevisiae_10x_flye.ctg.fa.gz,False
369,70,201120,scerevisiae_10x_flye.ctg.fa.gz,False
370,71,190858,scerevisiae_10x_flye.ctg.fa.gz,False
371,72,190858,scerevisiae_10x_flye.ctg.fa.gz,False
372,73,189169,scerevisiae_10x_flye.ctg.fa.gz,False
373,74,189169,scerevisiae_10x_flye.ctg.fa.gz,False
374,75,162548,scerevisiae_10x_flye.ctg.fa.gz,False
375,76,160305,scerevisiae_10x_flye.ctg.fa.gz,False
376,77,158108,scerevisiae_10x_flye.ctg.fa.gz,False
377,78,158108,scerevisiae_10x_flye.ctg.fa.gz,False
378,79,146881,scerevisiae_10x_flye.ctg.fa.gz,False
379,80,123775,scerevisiae_10x_flye.ctg.fa.gz,False
380,81,122340,scerevisiae_10x_flye.ctg.fa.gz,False
381,82,115559,scerevisiae_10x_flye.ctg.fa.gz,False
382,83,110212,scerevisiae_10x_flye.ctg.fa.gz,False
383,84,96997,scerevisiae_10x_flye.ctg.fa.gz,False
384,85,96652,scerevisiae_10x_flye.ctg.fa.gz,False
385,86,93820,scerevisiae_10x_flye.ctg.fa.gz,False
386,87,87758,scerevisiae_10x_flye.ctg.fa.gz,False
387,88,84728,scerevisiae_10x_flye.ctg.fa.gz,False
388,89,81643,scerevisiae_10x_flye.ctg.fa.gz,False
389,90,80446,scerevisiae_10x_flye.ctg.fa.gz,False
390,91,70201,scerevisiae_10x_flye.ctg.fa.gz,False
391,92,60965,scerevisiae_10x_flye.ctg.fa.gz,False
392,93,47552,scerevisiae_10x_flye.ctg.fa.gz,False
393,94,45749,scerevisiae_10x_flye.ctg.fa.gz,False
394,95,38065,scerevisiae_10x_flye.ctg.fa.gz,False
395,96,35876,scerevisiae_10x_flye.ctg.fa.gz,False
396,97,26139,scerevisiae_10x_flye.ctg.fa.gz,False
397,98,16898,scerevisiae_10x_flye.ctg.fa.gz,False
398,99,12385,scerevisiae_10x_flye.ctg.fa.gz,False
399,100,0,scerevisiae_10x_flye.ctg.fa.gz,False
400,1,1053519,scerevisiae_15x_flye.ctg.fa.gz,False
401,2,1053519,scerevisiae_15x_flye.ctg.fa.gz,False
402,3,1053519,scerevisiae_15x_flye.ctg.fa.gz,False
403,4,1053519,scerevisiae_15x_flye.ctg.fa.gz,False
404,5,1053519,scerevisiae_15x_flye.ctg.fa.gz,False
405,6,1053519,scerevisiae_15x_flye.ctg.fa.gz,False
406,7,1053519,scerevisiae_15x_flye.ctg.fa.gz,False
407,8,1053519,scerevisiae_15x_flye.ctg.fa.gz,False
408,9,976590,scerevisiae_15x_flye.ctg.fa.gz,False
409,10,976590,scerevisiae_15x_flye.ctg.fa.gz,False
410,11,976590,scerevisiae_15x_flye.ctg.fa.gz,False
411,12,976590,scerevisiae_15x_flye.ctg.fa.gz,False
412,13,976590,scerevisiae_15x_flye.ctg.fa.gz,False
413,14,976590,scerevisiae_15x_flye.ctg.fa.gz,False
414,15,976590,scerevisiae_15x_flye.ctg.fa.gz,False
415,16,976590,scerevisiae_15x_flye.ctg.fa.gz,False
416,17,907375,scerevisiae_15x_flye.ctg.fa.gz,False
417,18,907375,scerevisiae_15x_flye.ctg.fa.gz,False
418,19,907375,scerevisiae_15x_flye.ctg.fa.gz,False
419,20,907375,scerevisiae_15x_flye.ctg.fa.gz,False
420,21,907375,scerevisiae_15x_flye.ctg.fa.gz,False
421,22,907375,scerevisiae_15x_flye.ctg.fa.gz,False
422,23,907375,scerevisiae_15x_flye.ctg.fa.gz,False
423,24,907375,scerevisiae_15x_flye.ctg.fa.gz,False
424,25,652692,scerevisiae_15x_flye.ctg.fa.gz,False
425,26,652692,scerevisiae_15x_flye.ctg.fa.gz,False
426,27,652692,scerevisiae_15x_flye.ctg.fa.gz,False
427,28,652692,scerevisiae_15x_flye.ctg.fa.gz,False
428,29,652692,scerevisiae_15x_flye.ctg.fa.gz,False
429,30,584052,scerevisiae_15x_flye.ctg.fa.gz,False
430,31,584052,scerevisiae_15x_flye.ctg.fa.gz,False
431,32,584052,scerevisiae_15x_flye.ctg.fa.gz,False
432,33,584052,scerevisiae_15x_flye.ctg.fa.gz,False
433,34,584052,scerevisiae_15x_flye.ctg.fa.gz,False
434,35,576285,scerevisiae_15x_flye.ctg.fa.gz,False
435,36,576285,scerevisiae_15x_flye.ctg.fa.gz,False
436,37,576285,scerevisiae_15x_flye.ctg.fa.gz,False
437,38,576285,scerevisiae_15x_flye.ctg.fa.gz,False
438,39,576285,scerevisiae_15x_flye.ctg.fa.gz,False
439,40,571063,scerevisiae_15x_flye.ctg.fa.gz,False
440,41,571063,scerevisiae_15x_flye.ctg.fa.gz,False
441,42,571063,scerevisiae_15x_flye.ctg.fa.gz,False
442,43,571063,scerevisiae_15x_flye.ctg.fa.gz,False
443,44,568053,scerevisiae_15x_flye.ctg.fa.gz,False
444,45,568053,scerevisiae_15x_flye.ctg.fa.gz,False
445,46,568053,scerevisiae_15x_flye.ctg.fa.gz,False
446,47,568053,scerevisiae_15x_flye.ctg.fa.gz,False
447,48,568053,scerevisiae_15x_flye.ctg.fa.gz,False
448,49,525781,scerevisiae_15x_flye.ctg.fa.gz,False
449,50,525781,scerevisiae_15x_flye.ctg.fa.gz,False
450,51,525781,scerevisiae_15x_flye.ctg.fa.gz,False
451,52,525781,scerevisiae_15x_flye.ctg.fa.gz,False
452,53,480197,scerevisiae_15x_flye.ctg.fa.gz,False
453,54,480197,scerevisiae_15x_flye.ctg.fa.gz,False
454,55,480197,scerevisiae_15x_flye.ctg.fa.gz,False
455,56,480197,scerevisiae_15x_flye.ctg.fa.gz,False
456,57,419595,scerevisiae_15x_flye.ctg.fa.gz,False
457,58,419595,scerevisiae_15x_flye.ctg.fa.gz,False
458,59,419595,scerevisiae_15x_flye.ctg.fa.gz,False
459,60,419595,scerevisiae_15x_flye.ctg.fa.gz,False
460,61,409159,scerevisiae_15x_flye.ctg.fa.gz,False
461,62,409159,scerevisiae_15x_flye.ctg.fa.gz,False
462,63,409159,scerevisiae_15x_flye.ctg.fa.gz,False
463,64,391499,scerevisiae_15x_flye.ctg.fa.gz,False
464,65,391499,scerevisiae_15x_flye.ctg.fa.gz,False
465,66,391499,scerevisiae_15x_flye.ctg.fa.gz,False
466,67,386869,scerevisiae_15x_flye.ctg.fa.gz,False
467,68,386869,scerevisiae_15x_flye.ctg.fa.gz,False
468,69,386869,scerevisiae_15x_flye.ctg.fa.gz,False
469,70,335576,scerevisiae_15x_flye.ctg.fa.gz,False
470,71,335576,scerevisiae_15x_flye.ctg.fa.gz,False
471,72,335576,scerevisiae_15x_flye.ctg.fa.gz,False
472,73,319921,scerevisiae_15x_flye.ctg.fa.gz,False
473,74,319921,scerevisiae_15x_flye.ctg.fa.gz,False
474,75,319921,scerevisiae_15x_flye.ctg.fa.gz,False
475,76,270461,scerevisiae_15x_flye.ctg.fa.gz,False
476,77,270461,scerevisiae_15x_flye.ctg.fa.gz,False
477,78,242976,scerevisiae_15x_flye.ctg.fa.gz,False
478,79,242976,scerevisiae_15x_flye.ctg.fa.gz,False
479,80,235648,scerevisiae_15x_flye.ctg.fa.gz,False
480,81,235648,scerevisiae_15x_flye.ctg.fa.gz,False
481,82,233958,scerevisiae_15x_flye.ctg.fa.gz,False
482,83,233958,scerevisiae_15x_flye.ctg.fa.gz,False
483,84,232356,scerevisiae_15x_flye.ctg.fa.gz,False
484,85,232356,scerevisiae_15x_flye.ctg.fa.gz,False
485,86,211976,scerevisiae_15x_flye.ctg.fa.gz,False
486,87,211976,scerevisiae_15x_flye.ctg.fa.gz,False
487,88,196016,scerevisiae_15x_flye.ctg.fa.gz,False
488,89,157601,scerevisiae_15x_flye.ctg.fa.gz,False
489,90,149538,scerevisiae_15x_flye.ctg.fa.gz,False
490,91,149538,scerevisiae_15x_flye.ctg.fa.gz,False
491,92,136831,scerevisiae_15x_flye.ctg.fa.gz,False
492,93,123431,scerevisiae_15x_flye.ctg.fa.gz,False
493,94,111265,scerevisiae_15x_flye.ctg.fa.gz,False
494,95,70007,scerevisiae_15x_flye.ctg.fa.gz,False
495,96,57294,scerevisiae_15x_flye.ctg.fa.gz,False
496,97,40437,scerevisiae_15x_flye.ctg.fa.gz,False
497,98,16843,scerevisiae_15x_flye.ctg.fa.gz,False
498,99,1754,scerevisiae_15x_flye.ctg.fa.gz,False
499,100,0,scerevisiae_15x_flye.ctg.fa.gz,False
500,1,1054088,scerevisiae_20x_flye.ctg.fa.gz,False
501,2,1054088,scerevisiae_20x_flye.ctg.fa.gz,False
502,3,1054088,scerevisiae_20x_flye.ctg.fa.gz,False
503,4,1054088,scerevisiae_20x_flye.ctg.fa.gz,False
504,5,1054088,scerevisiae_20x_flye.ctg.fa.gz,False
505,6,1054088,scerevisiae_20x_flye.ctg.fa.gz,False
506,7,1054088,scerevisiae_20x_flye.ctg.fa.gz,False
507,8,1054088,scerevisiae_20x_flye.ctg.fa.gz,False
508,9,980471,scerevisiae_20x_flye.ctg.fa.gz,False
509,10,980471,scerevisiae_20x_flye.ctg.fa.gz,False
510,11,980471,scerevisiae_20x_flye.ctg.fa.gz,False
511,12,980471,scerevisiae_20x_flye.ctg.fa.gz,False
512,13,980471,scerevisiae_20x_flye.ctg.fa.gz,False
513,14,980471,scerevisiae_20x_flye.ctg.fa.gz,False
514,15,980471,scerevisiae_20x_flye.ctg.fa.gz,False
515,16,980471,scerevisiae_20x_flye.ctg.fa.gz,False
516,17,914501,scerevisiae_20x_flye.ctg.fa.gz,False
517,18,914501,scerevisiae_20x_flye.ctg.fa.gz,False
518,19,914501,scerevisiae_20x_flye.ctg.fa.gz,False
519,20,914501,scerevisiae_20x_flye.ctg.fa.gz,False
520,21,914501,scerevisiae_20x_flye.ctg.fa.gz,False
521,22,914501,scerevisiae_20x_flye.ctg.fa.gz,False
522,23,914501,scerevisiae_20x_flye.ctg.fa.gz,False
523,24,914501,scerevisiae_20x_flye.ctg.fa.gz,False
524,25,910981,scerevisiae_20x_flye.ctg.fa.gz,False
525,26,910981,scerevisiae_20x_flye.ctg.fa.gz,False
526,27,910981,scerevisiae_20x_flye.ctg.fa.gz,False
527,28,910981,scerevisiae_20x_flye.ctg.fa.gz,False
528,29,910981,scerevisiae_20x_flye.ctg.fa.gz,False
529,30,910981,scerevisiae_20x_flye.ctg.fa.gz,False
530,31,910981,scerevisiae_20x_flye.ctg.fa.gz,False
531,32,784654,scerevisiae_20x_flye.ctg.fa.gz,False
532,33,784654,scerevisiae_20x_flye.ctg.fa.gz,False
533,34,784654,scerevisiae_20x_flye.ctg.fa.gz,False
534,35,784654,scerevisiae_20x_flye.ctg.fa.gz,False
535,36,784654,scerevisiae_20x_flye.ctg.fa.gz,False
536,37,784654,scerevisiae_20x_flye.ctg.fa.gz,False
537,38,784654,scerevisiae_20x_flye.ctg.fa.gz,False
538,39,657700,scerevisiae_20x_flye.ctg.fa.gz,False
539,40,657700,scerevisiae_20x_flye.ctg.fa.gz,False
540,41,657700,scerevisiae_20x_flye.ctg.fa.gz,False
541,42,657700,scerevisiae_20x_flye.ctg.fa.gz,False
542,43,657700,scerevisiae_20x_flye.ctg.fa.gz,False
543,44,584349,scerevisiae_20x_flye.ctg.fa.gz,False
544,45,584349,scerevisiae_20x_flye.ctg.fa.gz,False
545,46,584349,scerevisiae_20x_flye.ctg.fa.gz,False
546,47,584349,scerevisiae_20x_flye.ctg.fa.gz,False
547,48,584349,scerevisiae_20x_flye.ctg.fa.gz,False
548,49,582048,scerevisiae_20x_flye.ctg.fa.gz,False
549,50,582048,scerevisiae_20x_flye.ctg.fa.gz,False
550,51,582048,scerevisiae_20x_flye.ctg.fa.gz,False
551,52,582048,scerevisiae_20x_flye.ctg.fa.gz,False
552,53,582048,scerevisiae_20x_flye.ctg.fa.gz,False
553,54,570539,scerevisiae_20x_flye.ctg.fa.gz,False
554,55,570539,scerevisiae_20x_flye.ctg.fa.gz,False
555,56,570539,scerevisiae_20x_flye.ctg.fa.gz,False
556,57,570539,scerevisiae_20x_flye.ctg.fa.gz,False
557,58,525641,scerevisiae_20x_flye.ctg.fa.gz,False
558,59,525641,scerevisiae_20x_flye.ctg.fa.gz,False
559,60,525641,scerevisiae_20x_flye.ctg.fa.gz,False
560,61,525641,scerevisiae_20x_flye.ctg.fa.gz,False
561,62,525641,scerevisiae_20x_flye.ctg.fa.gz,False
562,63,506647,scerevisiae_20x_flye.ctg.fa.gz,False
563,64,506647,scerevisiae_20x_flye.ctg.fa.gz,False
564,65,506647,scerevisiae_20x_flye.ctg.fa.gz,False
565,66,506647,scerevisiae_20x_flye.ctg.fa.gz,False
566,67,435468,scerevisiae_20x_flye.ctg.fa.gz,False
567,68,435468,scerevisiae_20x_flye.ctg.fa.gz,False
568,69,435468,scerevisiae_20x_flye.ctg.fa.gz,False
569,70,427421,scerevisiae_20x_flye.ctg.fa.gz,False
570,71,427421,scerevisiae_20x_flye.ctg.fa.gz,False
571,72,427421,scerevisiae_20x_flye.ctg.fa.gz,False
572,73,427421,scerevisiae_20x_flye.ctg.fa.gz,False
573,74,408960,scerevisiae_20x_flye.ctg.fa.gz,False
574,75,408960,scerevisiae_20x_flye.ctg.fa.gz,False
575,76,408960,scerevisiae_20x_flye.ctg.fa.gz,False
576,77,386795,scerevisiae_20x_flye.ctg.fa.gz,False
577,78,386795,scerevisiae_20x_flye.ctg.fa.gz,False
578,79,386795,scerevisiae_20x_flye.ctg.fa.gz,False
579,80,386795,scerevisiae_20x_flye.ctg.fa.gz,False
580,81,324129,scerevisiae_20x_flye.ctg.fa.gz,False
581,82,324129,scerevisiae_20x_flye.ctg.fa.gz,False
582,83,272901,scerevisiae_20x_flye.ctg.fa.gz,False
583,84,272901,scerevisiae_20x_flye.ctg.fa.gz,False
584,85,237298,scerevisiae_20x_flye.ctg.fa.gz,False
585,86,237298,scerevisiae_20x_flye.ctg.fa.gz,False
586,87,213899,scerevisiae_20x_flye.ctg.fa.gz,False
587,88,213899,scerevisiae_20x_flye.ctg.fa.gz,False
588,89,203182,scerevisiae_20x_flye.ctg.fa.gz,False
589,90,203182,scerevisiae_20x_flye.ctg.fa.gz,False
590,91,195886,scerevisiae_20x_flye.ctg.fa.gz,False
591,92,160862,scerevisiae_20x_flye.ctg.fa.gz,False
592,93,160862,scerevisiae_20x_flye.ctg.fa.gz,False
593,94,137019,scerevisiae_20x_flye.ctg.fa.gz,False
594,95,112539,scerevisiae_20x_flye.ctg.fa.gz,False
595,96,92042,scerevisiae_20x_flye.ctg.fa.gz,False
596,97,83071,scerevisiae_20x_flye.ctg.fa.gz,False
597,98,16902,scerevisiae_20x_flye.ctg.fa.gz,False
598,99,0,scerevisiae_20x_flye.ctg.fa.gz,False
599,100,0,scerevisiae_20x_flye.ctg.fa.gz,False
